{
    "loss": 29.420644760131836,
    "accuracy": 0.5179855823516846
}