{
    "loss": 51.26551055908203,
    "accuracy": 0.48201438784599304
}